Institute	Program	Choice No.	Remove	Up	Down
205	National Institute of Technology Agartala4105	Biotechnology and Biochemical Engineering (4 Years, Bachelor of Technology)	1			
205	National Institute of Technology Agartala4107	Chemical Engineering (4 Years, Bachelor of Technology)	2			
205	National Institute of Technology Agartala4109	Civil Engineering (4 Years, Bachelor of Technology)	3			
205	National Institute of Technology Agartala4125	Mechanical Engineering (4 Years, Bachelor of Technology)	4			
205	National Institute of Technology Agartala4145	Production Engineering (4 Years, Bachelor of Technology)	5			
205	National Institute of Technology Agartala5267	Engineering Physics (5 Years, Bachelor and Master of Technology (Dual Degree))	6			
205	National Institute of Technology Agartala5602	Physics (5 Years, Bachelor of Science and Master of Science (Dual Degree))	7			
205	National Institute of Technology Agartala5604	Chemistry (5 Years, Bachelor of Science and Master of Science (Dual Degree))	8			
206	National Institute of Technology Calicut4104	Bio Technology (4 Years, Bachelor of Technology)	9			
206	National Institute of Technology Calicut4107	Chemical Engineering (4 Years, Bachelor of Technology)	10			
206	National Institute of Technology Calicut4109	Civil Engineering (4 Years, Bachelor of Technology)	11			
206	National Institute of Technology Calicut4117	Engineering Physics (4 Years, Bachelor of Technology)	12			
206	National Institute of Technology Calicut4123	Materials Science and Engineering (4 Years, Bachelor of Technology)	13			
206	National Institute of Technology Calicut4145	Production Engineering (4 Years, Bachelor of Technology)	14			
206	National Institute of Technology Calicut4114	Electronics and Communication Engineering (4 Years, Bachelor of Technology)	15			
206	National Institute of Technology Calicut4125	Mechanical Engineering (4 Years, Bachelor of Technology)	16			
206	National Institute of Technology Calicut4198	Energy Engineering (4 Years, Bachelor of Technology)	17			
207	National Institute of Technology Delhi4101	Aerospace Engineering (4 Years, Bachelor of Technology)	18			
207	National Institute of Technology Delhi4109	Civil Engineering (4 Years, Bachelor of Technology)	19			
207	National Institute of Technology Delhi4125	Mechanical Engineering (4 Years, Bachelor of Technology)	20			
207	National Institute of Technology Delhi4111	Electrical Engineering (4 Years, Bachelor of Technology)	21			
207	National Institute of Technology Delhi411Z	VLSI Design and Technology (4 Years, Bachelor of Technology)	22			
207	National Institute of Technology Delhi4188	Artificial Intelligence and Data Science (4 Years, Bachelor of Technology)	23			
207	National Institute of Technology Delhi4110	Computer Science and Engineering (4 Years, Bachelor of Technology)	24			
207	National Institute of Technology Delhi4114	Electronics and Communication Engineering (4 Years, Bachelor of Technology)	25			
206	National Institute of Technology Calicut5A09	B. Tech. (Mathematics & Computing) M. Tech. in (Mathematics & Computing) (5 Years, B.Tech. + M.Tech./MS (Dual Degree))	26			
206	National Institute of Technology Calicut4110	Computer Science and Engineering (4 Years, Bachelor of Technology)	27			
206	National Institute of Technology Calicut4144	Electrical and Electronics Engineering (4 Years, Bachelor of Technology)	28			
205	National Institute of Technology Agartala4110	Computer Science and Engineering (4 Years, Bachelor of Technology)	29			
205	National Institute of Technology Agartala4142	Electronics and Instrumentation Engineering (4 Years, Bachelor of Technology)	30			
205	National Institute of Technology Agartala5606	Mathematics & Computing (5 Years, Bachelor of Science and Master of Science (Dual Degree))	31			
205	National Institute of Technology Agartala520G	Computational Mathematics (5 Years, Bachelor and Master of Technology (Dual Degree))	32			
205	National Institute of Technology Agartala4111	Electrical Engineering (4 Years, Bachelor of Technology)	33			
205	National Institute of Technology Agartala4114	Electronics and Communication Engineering (4 Years, Bachelor of Technology)	34			
208	National Institute of Technology Durgapur4104	Bio Technology (4 Years, Bachelor of Technology)	35			
208	National Institute of Technology Durgapur4107	Chemical Engineering (4 Years, Bachelor of Technology)	36			
208	National Institute of Technology Durgapur4109	Civil Engineering (4 Years, Bachelor of Technology)	37			
208	National Institute of Technology Durgapur4125	Mechanical Engineering (4 Years, Bachelor of Technology)	38			
208	National Institute of Technology Durgapur4127	Metallurgical and Materials Engineering (4 Years, Bachelor of Technology)	39			
208	National Institute of Technology Durgapur5257	Chemical Engineering (5 Years, Bachelor and Master of Technology (Dual Degree))	40			
208	National Institute of Technology Durgapur5296	Biotechnology (5 Years, Bachelor and Master of Technology (Dual Degree))	41			
208	National Institute of Technology Durgapur5503	Chemistry (5 Years, Integrated Master of Science)	42			
208	National Institute of Technology Durgapur411F	B.Tech in Mathematics and Computing (4 Years, Bachelor of Technology)	43			
208	National Institute of Technology Durgapur4111	Electrical Engineering (4 Years, Bachelor of Technology)	44			
208	National Institute of Technology Durgapur4114	Electronics and Communication Engineering (4 Years, Bachelor of Technology)	45			
208	National Institute of Technology Durgapur4110	Computer Science and Engineering (4 Years, Bachelor of Technology)	46			
209	National Institute of Technology Goa4109	Civil Engineering (4 Years, Bachelor of Technology)	47			
209	National Institute of Technology Goa4125	Mechanical Engineering (4 Years, Bachelor of Technology)	48			
209	National Institute of Technology Goa4114	Electronics and Communication Engineering (4 Years, Bachelor of Technology)	49			
209	National Institute of Technology Goa4110	Computer Science and Engineering (4 Years, Bachelor of Technology)	50			
209	National Institute of Technology Goa4144	Electrical and Electronics Engineering (4 Years, Bachelor of Technology)	51			
210	National Institute of Technology Hamirpur4107	Chemical Engineering (4 Years, Bachelor of Technology)	52			
210	National Institute of Technology Hamirpur4109	Civil Engineering (4 Years, Bachelor of Technology)	53			
210	National Institute of Technology Hamirpur4117	Engineering Physics (4 Years, Bachelor of Technology)	54			
210	National Institute of Technology Hamirpur4123	Materials Science and Engineering (4 Years, Bachelor of Technology)	55			
210	National Institute of Technology Hamirpur4125	Mechanical Engineering (4 Years, Bachelor of Technology)	56			
210	National Institute of Technology Hamirpur4124	Mathematics and Computing (4 Years, Bachelor of Technology)	57			
210	National Institute of Technology Hamirpur5216	Computer Science and Engineering (5 Years, Bachelor and Master of Technology (Dual Degree))	58			
210	National Institute of Technology Hamirpur4110	Computer Science and Engineering (4 Years, Bachelor of Technology)	59			
210	National Institute of Technology Hamirpur4111	Electrical Engineering (4 Years, Bachelor of Technology)	60			
210	National Institute of Technology Hamirpur5234	Electronics and Communication Engineering (5 Years, Bachelor and Master of Technology (Dual Degree))	61			
210	National Institute of Technology Hamirpur4114	Electronics and Communication Engineering (4 Years, Bachelor of Technology)	62			
211	National Institute of Technology Karnataka, Surathkal4107	Chemical Engineering (4 Years, Bachelor of Technology)	63			
211	National Institute of Technology Karnataka, Surathkal4125	Mechanical Engineering (4 Years, Bachelor of Technology)	64			
211	National Institute of Technology Karnataka, Surathkal4127	Metallurgical and Materials Engineering (4 Years, Bachelor of Technology)	65			
211	National Institute of Technology Karnataka, Surathkal4109	Civil Engineering (4 Years, Bachelor of Technology)	66			
211	National Institute of Technology Karnataka, Surathkal4130	Mining Engineering (4 Years, Bachelor of Technology)	67			
211	National Institute of Technology Karnataka, Surathkal4185	Artificial Intelligence (4 Years, Bachelor of Technology)	68			
211	National Institute of Technology Karnataka, Surathkal4110	Computer Science and Engineering (4 Years, Bachelor of Technology)	69			
211	National Institute of Technology Karnataka, Surathkal4144	Electrical and Electronics Engineering (4 Years, Bachelor of Technology)	70			
211	National Institute of Technology Karnataka, Surathkal4146	Information Technology (4 Years, Bachelor of Technology)	71			
211	National Institute of Technology Karnataka, Surathkal4114	Electronics and Communication Engineering (4 Years, Bachelor of Technology)	72			
211	National Institute of Technology Karnataka, Surathkal410Q	Computational and Data Science (4 Years, Bachelor of Technology)	73			
212	National Institute of Technology Meghalaya4109	Civil Engineering (4 Years, Bachelor of Technology)	74			
212	National Institute of Technology Meghalaya4125	Mechanical Engineering (4 Years, Bachelor of Technology)	75			
212	National Institute of Technology Meghalaya4114	Electronics and Communication Engineering (4 Years, Bachelor of Technology)	76			
212	National Institute of Technology Meghalaya4144	Electrical and Electronics Engineering (4 Years, Bachelor of Technology)	77			
212	National Institute of Technology Meghalaya4110	Computer Science and Engineering (4 Years, Bachelor of Technology)	78			
213	National Institute of Technology Nagaland4109	Civil Engineering (4 Years, Bachelor of Technology)	79			
213	National Institute of Technology Nagaland4125	Mechanical Engineering (4 Years, Bachelor of Technology)	80			
213	National Institute of Technology Nagaland4114	Electronics and Communication Engineering (4 Years, Bachelor of Technology)	81			
213	National Institute of Technology Nagaland4144	Electrical and Electronics Engineering (4 Years, Bachelor of Technology)	82			
213	National Institute of Technology Nagaland4142	Electronics and Instrumentation Engineering (4 Years, Bachelor of Technology)	83			
213	National Institute of Technology Nagaland4110	Computer Science and Engineering (4 Years, Bachelor of Technology)	84			
214	National Institute of Technology Patna4109	Civil Engineering (4 Years, Bachelor of Technology)	85			
214	National Institute of Technology Patna4125	Mechanical Engineering (4 Years, Bachelor of Technology)	86			
214	National Institute of Technology Patna520L	Mechanical Engineering with Specialization in Manufacturing and Industrial Engineering (5 Years, Bachelor and Master of Technology (Dual Degree))	87			
214	National Institute of Technology Patna520M	Civil Engineering with Specialization in Construction Technology and Management (5 Years, Bachelor and Master of Technology (Dual Degree))	88			
214	National Institute of Technology Patna520N	Material Science and Engineering (5 Years, Bachelor and Master of Technology (Dual Degree))	89			
214	National Institute of Technology Patna521R	Chemical Technology (5 Years, Bachelor and Master of Technology (Dual Degree))	90			
214	National Institute of Technology Patna520O	Mathematics and Computing Technology (5 Years, Bachelor and Master of Technology (Dual Degree))	91			
214	National Institute of Technology Patna4110	Computer Science and Engineering (4 Years, Bachelor of Technology)	92			
214	National Institute of Technology Patna520K	Electrical Engineering with Specialization In Power System Engineering (5 Years, Bachelor and Master of Technology (Dual Degree))	93			
214	National Institute of Technology Patna4111	Electrical Engineering (4 Years, Bachelor of Technology)	94			
214	National Institute of Technology Patna520J	Electronics and Communication Engineering with Specialization in Microelectronics and VLSI System Design (5 Years, Bachelor and Master of Technology (Dual Degree))	95			
214	National Institute of Technology Patna4114	Electronics and Communication Engineering (4 Years, Bachelor of Technology)	96			
214	National Institute of Technology Patna520I	Computer Science and Engineering with Specialization in Cyber Security (5 Years, Bachelor and Master of Technology (Dual Degree))	97			
214	National Institute of Technology Patna4188	Artificial Intelligence and Data Science (4 Years, Bachelor of Technology)	98			
214	National Institute of Technology Patna411H	Electronics Engineering (VLSI Design and Technology) (4 Years, Bachelor of Technology)	99			
214	National Institute of Technology Patna411B	Mechatronics and Automation Engineering (4 Years, Bachelor of Technology)	100			
214	National Institute of Technology Patna520H	Computer Science and Engineering with Specialization in Data Science (5 Years, Bachelor and Master of Technology (Dual Degree))	101			
215	National Institute of Technology Puducherry4109	Civil Engineering (4 Years, Bachelor of Technology)	102			
215	National Institute of Technology Puducherry4125	Mechanical Engineering (4 Years, Bachelor of Technology)	103			
215	National Institute of Technology Puducherry4114	Electronics and Communication Engineering (4 Years, Bachelor of Technology)	104			
215	National Institute of Technology Puducherry4144	Electrical and Electronics Engineering (4 Years, Bachelor of Technology)	105			
215	National Institute of Technology Puducherry4110	Computer Science and Engineering (4 Years, Bachelor of Technology)	106			
216	National Institute of Technology Raipur4104	Bio Technology (4 Years, Bachelor of Technology)	107			
216	National Institute of Technology Raipur4107	Chemical Engineering (4 Years, Bachelor of Technology)	108			
216	National Institute of Technology Raipur4109	Civil Engineering (4 Years, Bachelor of Technology)	109			
216	National Institute of Technology Raipur4125	Mechanical Engineering (4 Years, Bachelor of Technology)	110			
216	National Institute of Technology Raipur4127	Metallurgical and Materials Engineering (4 Years, Bachelor of Technology)	111			
216	National Institute of Technology Raipur4130	Mining Engineering (4 Years, Bachelor of Technology)	112			
216	National Institute of Technology Raipur4152	Bio Medical Engineering (4 Years, Bachelor of Technology)	113			
216	National Institute of Technology Raipur4110	Computer Science and Engineering (4 Years, Bachelor of Technology)	114			
216	National Institute of Technology Raipur4111	Electrical Engineering (4 Years, Bachelor of Technology)	115			
216	National Institute of Technology Raipur4146	Information Technology (4 Years, Bachelor of Technology)	116			
216	National Institute of Technology Raipur4114	Electronics and Communication Engineering (4 Years, Bachelor of Technology)	117			
217	National Institute of Technology Sikkim4109	Civil Engineering (4 Years, Bachelor of Technology)	118			
217	National Institute of Technology Sikkim4125	Mechanical Engineering (4 Years, Bachelor of Technology)	119			
217	National Institute of Technology Sikkim410P	Artificial Intelligence and Machine Learning (4 Years, Bachelor of Technology)	120			
217	National Institute of Technology Sikkim4144	Electrical and Electronics Engineering (4 Years, Bachelor of Technology)	121			
217	National Institute of Technology Sikkim4114	Electronics and Communication Engineering (4 Years, Bachelor of Technology)	122			
217	National Institute of Technology Sikkim4110	Computer Science and Engineering (4 Years, Bachelor of Technology)	123			
218	National Institute of Technology Arunachal Pradesh4125	Mechanical Engineering (4 Years, Bachelor of Technology)	124			
218	National Institute of Technology Arunachal Pradesh4194	Biosciences and Bioengineering (4 Years, Bachelor of Technology)	125			
218	National Institute of Technology Arunachal Pradesh4109	Civil Engineering (4 Years, Bachelor of Technology)	126			
218	National Institute of Technology Arunachal Pradesh4114	Electronics and Communication Engineering (4 Years, Bachelor of Technology)	127			
218	National Institute of Technology Arunachal Pradesh4111	Electrical Engineering (4 Years, Bachelor of Technology)	128			
218	National Institute of Technology Arunachal Pradesh4110	Computer Science and Engineering (4 Years, Bachelor of Technology)	129			
219	National Institute of Technology, Jamshedpur4109	Civil Engineering (4 Years, Bachelor of Technology)	130			
219	National Institute of Technology, Jamshedpur4127	Metallurgical and Materials Engineering (4 Years, Bachelor of Technology)	131			
219	National Institute of Technology, Jamshedpur4136	Production and Industrial Engineering (4 Years, Bachelor of Technology)	132			
219	National Institute of Technology, Jamshedpur4125	Mechanical Engineering (4 Years, Bachelor of Technology)	133			
219	National Institute of Technology, Jamshedpur4114	Electronics and Communication Engineering (4 Years, Bachelor of Technology)	134			
219	National Institute of Technology, Jamshedpur4192	Engineering and Computational Mechanics (4 Years, Bachelor of Technology)	135			
219	National Institute of Technology, Jamshedpur4111	Electrical Engineering (4 Years, Bachelor of Technology)	136			
219	National Institute of Technology, Jamshedpur4110	Computer Science and Engineering (4 Years, Bachelor of Technology)	137			
220	National Institute of Technology, Kurukshetra4109	Civil Engineering (4 Years, Bachelor of Technology)	138			
220	National Institute of Technology, Kurukshetra412D	SUSTAINABLE ENERGY TECHNOLOGIES (4 Years, Bachelor of Technology)	139			
220	National Institute of Technology, Kurukshetra4136	Production and Industrial Engineering (4 Years, Bachelor of Technology)	140			
220	National Institute of Technology, Kurukshetra4125	Mechanical Engineering (4 Years, Bachelor of Technology)	141			
220	National Institute of Technology, Kurukshetra5233	Mechanical Engineering (5 Years, Bachelor and Master of Technology (Dual Degree))	142			
220	National Institute of Technology, Kurukshetra411C	Industrial Internet of Things (4 Years, Bachelor of Technology)	143			
220	National Institute of Technology, Kurukshetra5213	Civil Engineering (5 Years, Bachelor and Master of Technology (Dual Degree))	144			
220	National Institute of Technology, Kurukshetra4146	Information Technology (4 Years, Bachelor of Technology)	145			
220	National Institute of Technology, Kurukshetra4111	Electrical Engineering (4 Years, Bachelor of Technology)	146			
220	National Institute of Technology, Kurukshetra4114	Electronics and Communication Engineering (4 Years, Bachelor of Technology)	147			
220	National Institute of Technology, Kurukshetra5234	Electronics and Communication Engineering (5 Years, Bachelor and Master of Technology (Dual Degree))	148			
220	National Institute of Technology, Kurukshetra412A	ROBOTICS & AUTOMATION (4 Years, Bachelor of Technology)	149			
220	National Institute of Technology, Kurukshetra4188	Artificial Intelligence and Data Science (4 Years, Bachelor of Technology)	150			
220	National Institute of Technology, Kurukshetra5217	Electrical Engineering (5 Years, Bachelor and Master of Technology (Dual Degree))	151			
220	National Institute of Technology, Kurukshetra412B	Microelectronics & VLSI Engineering (4 Years, Bachelor of Technology)	152			
220	National Institute of Technology, Kurukshetra410P	Artificial Intelligence and Machine Learning (4 Years, Bachelor of Technology)	153			
220	National Institute of Technology, Kurukshetra4124	Mathematics and Computing (4 Years, Bachelor of Technology)	154			
220	National Institute of Technology, Kurukshetra5216	Computer Science and Engineering (5 Years, Bachelor and Master of Technology (Dual Degree))	155			
220	National Institute of Technology, Kurukshetra4110	Computer Science and Engineering (4 Years, Bachelor of Technology)	156			
221	National Institute of Technology, Manipur4125	Mechanical Engineering (4 Years, Bachelor of Technology)	157			
221	National Institute of Technology, Manipur4109	Civil Engineering (4 Years, Bachelor of Technology)	158			
221	National Institute of Technology, Manipur5233	Mechanical Engineering (5 Years, Bachelor and Master of Technology (Dual Degree))	159			
221	National Institute of Technology, Manipur5213	Civil Engineering (5 Years, Bachelor and Master of Technology (Dual Degree))	160			
221	National Institute of Technology, Manipur5217	Electrical Engineering (5 Years, Bachelor and Master of Technology (Dual Degree))	161			
221	National Institute of Technology, Manipur4111	Electrical Engineering (4 Years, Bachelor of Technology)	162			
221	National Institute of Technology, Manipur5234	Electronics and Communication Engineering (5 Years, Bachelor and Master of Technology (Dual Degree))	163			
221	National Institute of Technology, Manipur4114	Electronics and Communication Engineering (4 Years, Bachelor of Technology)	164			
221	National Institute of Technology, Manipur5216	Computer Science and Engineering (5 Years, Bachelor and Master of Technology (Dual Degree))	165			
221	National Institute of Technology, Manipur4110	Computer Science and Engineering (4 Years, Bachelor of Technology)	166			
222	National Institute of Technology, Mizoram4125	Mechanical Engineering (4 Years, Bachelor of Technology)	167			
222	National Institute of Technology, Mizoram4108	Chemical Science and Technology (4 Years, Bachelor of Technology)	168			
222	National Institute of Technology, Mizoram4109	Civil Engineering (4 Years, Bachelor of Technology)	169			
222	National Institute of Technology, Mizoram4114	Electronics and Communication Engineering (4 Years, Bachelor of Technology)	170			
222	National Institute of Technology, Mizoram4111	Electrical Engineering (4 Years, Bachelor of Technology)	171			
222	National Institute of Technology, Mizoram4124	Mathematics and Computing (4 Years, Bachelor of Technology)	172			
222	National Institute of Technology, Mizoram4110	Computer Science and Engineering (4 Years, Bachelor of Technology)	173			
223	National Institute of Technology, Rourkela4107	Chemical Engineering (4 Years, Bachelor of Technology)	174			
223	National Institute of Technology, Rourkela4117	Engineering Physics (4 Years, Bachelor of Technology)	175			
223	National Institute of Technology, Rourkela5258	Ceramic Engineering and M.Tech Industrial Ceramic (5 Years, Bachelor and Master of Technology (Dual Degree))	176			
223	National Institute of Technology, Rourkela4127	Metallurgical and Materials Engineering (4 Years, Bachelor of Technology)	177			
223	National Institute of Technology, Rourkela5210	Chemical Engineering (5 Years, Bachelor and Master of Technology (Dual Degree))	178			
223	National Institute of Technology, Rourkela4106	Ceramic Engineering (4 Years, Bachelor of Technology)	179			
223	National Institute of Technology, Rourkela4152	Bio Medical Engineering (4 Years, Bachelor of Technology)	180			
223	National Institute of Technology, Rourkela5247	Mining Engineering (5 Years, Bachelor and Master of Technology (Dual Degree))	181			
223	National Institute of Technology, Rourkela4155	Industrial Design (4 Years, Bachelor of Technology)	182			
223	National Institute of Technology, Rourkela5243	Metallurgical and Materials Engineering (5 Years, Bachelor and Master of Technology (Dual Degree))	183			
223	National Institute of Technology, Rourkela4109	Civil Engineering (4 Years, Bachelor of Technology)	184			
223	National Institute of Technology, Rourkela5503	Chemistry (5 Years, Integrated Master of Science)	185			
223	National Institute of Technology, Rourkela4130	Mining Engineering (4 Years, Bachelor of Technology)	186			
223	National Institute of Technology, Rourkela4169	Food Process Engineering (4 Years, Bachelor of Technology)	187			
223	National Institute of Technology, Rourkela4104	Bio Technology (4 Years, Bachelor of Technology)	188			
223	National Institute of Technology, Rourkela4125	Mechanical Engineering (4 Years, Bachelor of Technology)	189			
223	National Institute of Technology, Rourkela411F	B.Tech in Mathematics and Computing (4 Years, Bachelor of Technology)	190			
223	National Institute of Technology, Rourkela4111	Electrical Engineering (4 Years, Bachelor of Technology)	191			
223	National Institute of Technology, Rourkela4114	Electronics and Communication Engineering (4 Years, Bachelor of Technology)	192			
223	National Institute of Technology, Rourkela4142	Electronics and Instrumentation Engineering (4 Years, Bachelor of Technology)	193			
223	National Institute of Technology, Rourkela4185	Artificial Intelligence (4 Years, Bachelor of Technology)	194			
223	National Institute of Technology, Rourkela4110	Computer Science and Engineering (4 Years, Bachelor of Technology)	195			
224	National Institute of Technology, Silchar4125	Mechanical Engineering (4 Years, Bachelor of Technology)	196			
224	National Institute of Technology, Silchar4109	Civil Engineering (4 Years, Bachelor of Technology)	197			
224	National Institute of Technology, Silchar4114	Electronics and Communication Engineering (4 Years, Bachelor of Technology)	198			
224	National Institute of Technology, Silchar4111	Electrical Engineering (4 Years, Bachelor of Technology)	199			
224	National Institute of Technology, Silchar4142	Electronics and Instrumentation Engineering (4 Years, Bachelor of Technology)	200			
224	National Institute of Technology, Silchar4110	Computer Science and Engineering (4 Years, Bachelor of Technology)	201			
225	National Institute of Technology, Srinagar4127	Metallurgical and Materials Engineering (4 Years, Bachelor of Technology)	202			
225	National Institute of Technology, Srinagar4146	Information Technology (4 Years, Bachelor of Technology)	203			
225	National Institute of Technology, Srinagar4107	Chemical Engineering (4 Years, Bachelor of Technology)	204			
225	National Institute of Technology, Srinagar4109	Civil Engineering (4 Years, Bachelor of Technology)	205			
225	National Institute of Technology, Srinagar4125	Mechanical Engineering (4 Years, Bachelor of Technology)	206			
225	National Institute of Technology, Srinagar4114	Electronics and Communication Engineering (4 Years, Bachelor of Technology)	207			
225	National Institute of Technology, Srinagar4111	Electrical Engineering (4 Years, Bachelor of Technology)	208			
225	National Institute of Technology, Srinagar4110	Computer Science and Engineering (4 Years, Bachelor of Technology)	209			
226	National Institute of Technology, Tiruchirappalli4109	Civil Engineering (4 Years, Bachelor of Technology)	210			
226	National Institute of Technology, Tiruchirappalli4145	Production Engineering (4 Years, Bachelor of Technology)	211			
226	National Institute of Technology, Tiruchirappalli4125	Mechanical Engineering (4 Years, Bachelor of Technology)	212			
226	National Institute of Technology, Tiruchirappalli4107	Chemical Engineering (4 Years, Bachelor of Technology)	213			
226	National Institute of Technology, Tiruchirappalli4127	Metallurgical and Materials Engineering (4 Years, Bachelor of Technology)	214			
226	National Institute of Technology, Tiruchirappalli4148	Instrumentation and Control Engineering (4 Years, Bachelor of Technology)	215			
226	National Institute of Technology, Tiruchirappalli4144	Electrical and Electronics Engineering (4 Years, Bachelor of Technology)	216			
226	National Institute of Technology, Tiruchirappalli4114	Electronics and Communication Engineering (4 Years, Bachelor of Technology)	217			
226	National Institute of Technology, Tiruchirappalli4110	Computer Science and Engineering (4 Years, Bachelor of Technology)	218			
227	National Institute of Technology, Uttarakhand4125	Mechanical Engineering (4 Years, Bachelor of Technology)	219			
227	National Institute of Technology, Uttarakhand4109	Civil Engineering (4 Years, Bachelor of Technology)	220			
227	National Institute of Technology, Uttarakhand4114	Electronics and Communication Engineering (4 Years, Bachelor of Technology)	221			
227	National Institute of Technology, Uttarakhand4144	Electrical and Electronics Engineering (4 Years, Bachelor of Technology)	222			
227	National Institute of Technology, Uttarakhand4110	Computer Science and Engineering (4 Years, Bachelor of Technology)	223			
228	National Institute of Technology, Warangal5243	Metallurgical and Materials Engineering (5 Years, Bachelor and Master of Technology (Dual Degree))	224			
228	National Institute of Technology, Warangal4109	Civil Engineering (4 Years, Bachelor of Technology)	225			
228	National Institute of Technology, Warangal5503	Chemistry (5 Years, Integrated Master of Science)	226			
228	National Institute of Technology, Warangal5507	Physics (5 Years, Integrated Master of Science)	227			
228	National Institute of Technology, Warangal4124	Mathematics and Computing (4 Years, Bachelor of Technology)	228			
228	National Institute of Technology, Warangal5508	Mathematics (5 Years, Integrated Master of Science)	229			
228	National Institute of Technology, Warangal4104	Bio Technology (4 Years, Bachelor of Technology)	230			
228	National Institute of Technology, Warangal5210	Chemical Engineering (5 Years, Bachelor and Master of Technology (Dual Degree))	231			
228	National Institute of Technology, Warangal4125	Mechanical Engineering (4 Years, Bachelor of Technology)	232			
228	National Institute of Technology, Warangal4127	Metallurgical and Materials Engineering (4 Years, Bachelor of Technology)	233			
228	National Institute of Technology, Warangal4107	Chemical Engineering (4 Years, Bachelor of Technology)	234			
228	National Institute of Technology, Warangal410Z	Electronics and Communication Engineering (VLSI Design and Technology) (4 Years, Bachelor of Technology)	235			
228	National Institute of Technology, Warangal4144	Electrical and Electronics Engineering (4 Years, Bachelor of Technology)	236			
228	National Institute of Technology, Warangal413O	Electrical and Electronics Engineering (Electric Mobility) (4 Years, Bachelor of Technology)	237			
228	National Institute of Technology, Warangal4114	Electronics and Communication Engineering (4 Years, Bachelor of Technology)	238			
228	National Institute of Technology, Warangal412F	Computer Science and Engineering ( Artificial Intelligence & Data Science) (4 Years, Bachelor of Technology)	239			
228	National Institute of Technology, Warangal4110	Computer Science and Engineering (4 Years, Bachelor of Technology)	240			
231	National Institute of Technology, Andhra Pradesh4109	Civil Engineering (4 Years, Bachelor of Technology)	241			
231	National Institute of Technology, Andhra Pradesh4104	Bio Technology (4 Years, Bachelor of Technology)	242			
231	National Institute of Technology, Andhra Pradesh4125	Mechanical Engineering (4 Years, Bachelor of Technology)	243			
231	National Institute of Technology, Andhra Pradesh4127	Metallurgical and Materials Engineering (4 Years, Bachelor of Technology)	244			
231	National Institute of Technology, Andhra Pradesh4107	Chemical Engineering (4 Years, Bachelor of Technology)	245			
231	National Institute of Technology, Andhra Pradesh4144	Electrical and Electronics Engineering (4 Years, Bachelor of Technology)	246			
231	National Institute of Technology, Andhra Pradesh4114	Electronics and Communication Engineering (4 Years, Bachelor of Technology)	247			
231	National Institute of Technology, Andhra Pradesh4110	Computer Science and Engineering (4 Years, Bachelor of Technology)	248			
402	Birla Institute of Technology, Mesra, Ranchi4167	Food Engineering and Technology (4 Years, Bachelor of Technology)	249			
402	Birla Institute of Technology, Mesra, Ranchi4107	Chemical Engineering (4 Years, Bachelor of Technology)	250			
402	Birla Institute of Technology, Mesra, Ranchi4136	Production and Industrial Engineering (4 Years, Bachelor of Technology)	251			
402	Birla Institute of Technology, Mesra, Ranchi5507	Physics (5 Years, Integrated Master of Science)	252			
402	Birla Institute of Technology, Mesra, Ranchi4109	Civil Engineering (4 Years, Bachelor of Technology)	253			
402	Birla Institute of Technology, Mesra, Ranchi410W	Computer Science and Engineering (Artificial Intelligence and Machine Learning) (4 Years, Bachelor of Technology)	254			
402	Birla Institute of Technology, Mesra, Ranchi4110	Computer Science and Engineering (4 Years, Bachelor of Technology)	255			
402	Birla Institute of Technology, Mesra, Ranchi4144	Electrical and Electronics Engineering (4 Years, Bachelor of Technology)	256			
402	Birla Institute of Technology, Mesra, Ranchi5506	Mathematics and Computing (5 Years, Integrated Master of Science)	257			
402	Birla Institute of Technology, Mesra, Ranchi5511	Quantitative Economics & Data Science (5 Years, Integrated Master of Science)	258			
402	Birla Institute of Technology, Mesra, Ranchi4104	Bio Technology (4 Years, Bachelor of Technology)	259			
402	Birla Institute of Technology, Mesra, Ranchi4125	Mechanical Engineering (4 Years, Bachelor of Technology)	260			
402	Birla Institute of Technology, Mesra, Ranchi4114	Electronics and Communication Engineering (4 Years, Bachelor of Technology)	261			
310	Indian Institute of Information Technology, Design & Manufacturing, Kancheepuram523T	B.Tech. in Electronics and Communication Engineering and M.Tech. in Microelectronics and VLSI Systems (5 Years, Bachelor and Master of Technology (Dual Degree))	262			
310	Indian Institute of Information Technology, Design & Manufacturing, Kancheepuram521Q	B.Tech. in Electronics and Communication Engineering and M.Tech. in Communication Systems (5 Years, Bachelor and Master of Technology (Dual Degree))	263			
448	National Institute of Electronics and Information Technology, Gorakhpur (UP)413M	B. Tech in Electronics and Communication Engineering with minor in Wearable Electronics (4 Years, Bachelor of Technology)	264			
302	Indian Institute of Information Technology (IIIT)Kota, Rajasthan4114	Electronics and Communication Engineering (4 Years, Bachelor of Technology)	265			
410	Sant Longowal Institute of Engineering and Technology4114	Electronics and Communication Engineering (4 Years, Bachelor of Technology)	266			
310	Indian Institute of Information Technology, Design & Manufacturing, Kancheepuram4114	Electronics and Communication Engineering (4 Years, Bachelor of Technology)	267			
406	School of Studies of Engineering and Technology, Guru Ghasidas Vishwavidyalaya, Bilaspur4114	Electronics and Communication Engineering (4 Years, Bachelor of Technology)	268			
204	Motilal Nehru National Institute of Technology Allahabad4114	Electronics and Communication Engineering (4 Years, Bachelor of Technology)	269			
324	Indian Institute of Information Technology Surat4114	Electronics and Communication Engineering (4 Years, Bachelor of Technology)	270			
308	Indian Institute of Information Technology(IIIT), Vadodara, Gujrat4114	Electronics and Communication Engineering (4 Years, Bachelor of Technology)	271			
426	Puducherry Technological University, Puducherry4114	Electronics and Communication Engineering (4 Years, Bachelor of Technology)	272			
303	Indian Institute of Information Technology Guwahati4114	Electronics and Communication Engineering (4 Years, Bachelor of Technology)	273			
201	Dr. B R Ambedkar National Institute of Technology, Jalandhar4114	Electronics and Communication Engineering (4 Years, Bachelor of Technology)	274			
322	Indian Institute of Information Technology Bhagalpur4114	Electronics and Communication Engineering (4 Years, Bachelor of Technology)	275			
313	INDIAN INSTITUTE OF INFORMATION TECHNOLOGY SENAPATI MANIPUR4114	Electronics and Communication Engineering (4 Years, Bachelor of Technology)	276			
411	Mizoram University, Aizawl4114	Electronics and Communication Engineering (4 Years, Bachelor of Technology)	277			
453	Central University of Karnataka4114	Electronics and Communication Engineering (4 Years, Bachelor of Technology)	278			
407	J.K. Institute of Applied Physics & Technology, Department of Electronics & Communication, University of Allahabad- Allahabad4114	Electronics and Communication Engineering (4 Years, Bachelor of Technology)	279			
428	Central University of Rajasthan, Rajasthan4114	Electronics and Communication Engineering (4 Years, Bachelor of Technology)	280			
320	Indian Institute of Information Technology (IIIT) Nagpur4114	Electronics and Communication Engineering (4 Years, Bachelor of Technology)	281			
323	Indian Institute of Information Technology Bhopal4114	Electronics and Communication Engineering (4 Years, Bachelor of Technology)	282			
318	Indian Institute of Information Technology(IIIT) Kottayam4114	Electronics and Communication Engineering (4 Years, Bachelor of Technology)	283			
202	Malaviya National Institute of Technology Jaipur4114	Electronics and Communication Engineering (4 Years, Bachelor of Technology)	284			
416	Shri Mata Vaishno Devi University, Katra, Jammu & Kashmir4114	Electronics and Communication Engineering (4 Years, Bachelor of Technology)	285			
229	Sardar Vallabhbhai National Institute of Technology, Surat4114	Electronics and Communication Engineering (4 Years, Bachelor of Technology)	286			
438	Institute of Engineering and Technology, Dr. H. S. Gour University. Sagar (A Central University)4114	Electronics and Communication Engineering (4 Years, Bachelor of Technology)	287			
230	Visvesvaraya National Institute of Technology, Nagpur4114	Electronics and Communication Engineering (4 Years, Bachelor of Technology)	288			
321	Indian Institute of Information Technology (IIIT) Pune4114	Electronics and Communication Engineering (4 Years, Bachelor of Technology)	289			
304	Indian Institute of Information Technology(IIIT) Kalyani, West Bengal4114	Electronics and Communication Engineering (4 Years, Bachelor of Technology)	290			
425	Central institute of Technology Kokrajar, Assam4114	Electronics and Communication Engineering (4 Years, Bachelor of Technology)	291			
314	Indian Institute of Information Technology Tiruchirappalli4114	Electronics and Communication Engineering (4 Years, Bachelor of Technology)	292			
412	School of Engineering, Tezpur University, Napaam, Tezpur4114	Electronics and Communication Engineering (4 Years, Bachelor of Technology)	293			
309	Indian Institute of Information Technology, Allahabad4114	Electronics and Communication Engineering (4 Years, Bachelor of Technology)	294			
306	Indian Institute of Information Technology(IIIT) Una, Himachal Pradesh4114	Electronics and Communication Engineering (4 Years, Bachelor of Technology)	295			
319	Indian Institute of Information Technology (IIIT) Ranchi4114	Electronics and Communication Engineering (4 Years, Bachelor of Technology)	296			
423	Jawaharlal Nehru University, Delhi4114	Electronics and Communication Engineering (4 Years, Bachelor of Technology)	297			
452	National Institute of Technical Teachers Training and Research Bhopal4114	Electronics and Communication Engineering (4 Years, Bachelor of Technology)	298			
327	Indian Institute of Information Technology, Vadodara International Campus Diu (IIITVICD)4114	Electronics and Communication Engineering (4 Years, Bachelor of Technology)	299			
432	North Eastern Regional Institute of Science and Technology, Nirjuli-791109 (Itanagar),Arunachal Pradesh4114	Electronics and Communication Engineering (4 Years, Bachelor of Technology)	300			
307	Indian Institute of Information Technology (IIIT), Sri City, Chittoor4114	Electronics and Communication Engineering (4 Years, Bachelor of Technology)	301			
316	Indian Institute of Information Technology(IIIT) Dharwad4114	Electronics and Communication Engineering (4 Years, Bachelor of Technology)	302			
203	Maulana Azad National Institute of Technology Bhopal4114	Electronics and Communication Engineering (4 Years, Bachelor of Technology)	303			
436	North-Eastern Hill University, Shillong4114	Electronics and Communication Engineering (4 Years, Bachelor of Technology)	304			
422	Punjab Engineering College, Chandigarh4114	Electronics and Communication Engineering (4 Years, Bachelor of Technology)	305			
311	Pt. Dwarka Prasad Mishra Indian Institute of Information Technology, Design & Manufacture Jabalpur4114	Electronics and Communication Engineering (4 Years, Bachelor of Technology)	306			
420	International Institute of Information Technology, Naya Raipur4114	Electronics and Communication Engineering (4 Years, Bachelor of Technology)	307			
317	Indian Institute of Information Technology Design & Manufacturing Kurnool, Andhra Pradesh5234	Electronics and Communication Engineering (5 Years, Bachelor and Master of Technology (Dual Degree))	308			
309	Indian Institute of Information Technology, Allahabad5234	Electronics and Communication Engineering (5 Years, Bachelor and Master of Technology (Dual Degree))	309			
320	Indian Institute of Information Technology (IIIT) Nagpur410H	Electronics and Communication Engineering (Internet of Things) (4 Years, Bachelor of Technology)	310			
445	National Institute of Electronics and Information Technology, Ropar (Punjab)410Z	Electronics and Communication Engineering (VLSI Design and Technology) (4 Years, Bachelor of Technology)	311			
314	Indian Institute of Information Technology Tiruchirappalli413G	Electronics and Communication Engineering (VLSI Design) (4 Years, Bachelor of Technology)	312			
319	Indian Institute of Information Technology (IIIT) Ranchi4601	Electronics and Communication Engineering (with Specialization of Embedded Systems and Internet of Things) (4 Years, B. Tech / B. Tech (Hons.))	313			
317	Indian Institute of Information Technology Design & Manufacturing Kurnool, Andhra Pradesh4174	Electronics and Communication Engineering with specialization in Design and Manufacturing (4 Years, Bachelor of Technology)	314			
313	INDIAN INSTITUTE OF INFORMATION TECHNOLOGY SENAPATI MANIPUR410M	Electronics and Communication Engineering with specialization in VLSI and Embedded Systems (4 Years, Bachelor of Technology)	315			
426	Puducherry Technological University, Puducherry4142	Electronics and Instrumentation Engineering (4 Years, Bachelor of Technology)	316			
451	Shri G. S. Institute of Technology and Science Indore4142	Electronics and Instrumentation Engineering (4 Years, Bachelor of Technology)	317			
451	Shri G. S. Institute of Technology and Science Indore4153	Electronics and Telecommunication Engineering (4 Years, Bachelor of Technology)	318			
424	International Institute of Information Technology, Bhubaneswar4153	Electronics and Telecommunication Engineering (4 Years, Bachelor of Technology)	319			
232	Indian Institute of Engineering Science and Technology, Shibpur4153	Electronics and Telecommunication Engineering (4 Years, Bachelor of Technology)	320			
201	Dr. B R Ambedkar National Institute of Technology, Jalandhar410V	Electronics and VLSI Engineering (4 Years, Bachelor of Technology)	321			
229	Sardar Vallabhbhai National Institute of Technology, Surat410V	Electronics and VLSI Engineering (4 Years, Bachelor of Technology)	322			
303	Indian Institute of Information Technology Guwahati413V	Electronics Communication and Artificial Intelligence (4 Years, Bachelor of Technology)	323			
317	Indian Institute of Information Technology Design & Manufacturing Kurnool, Andhra Pradesh5216	Computer Science and Engineering (5 Years, Bachelor and Master of Technology (Dual Degree))	324			
310	Indian Institute of Information Technology, Design & Manufacturing, Kancheepuram5216	Computer Science and Engineering (5 Years, Bachelor and Master of Technology (Dual Degree))	325			
410	Sant Longowal Institute of Engineering and Technology5216	Computer Science and Engineering (5 Years, Bachelor and Master of Technology (Dual Degree))	326			
421	University of Hyderabad5314	Computer Science and Engineering (5 Years, Integrated Master of Technology)	327			
455	National Institute of Electronics and Information Technology, Aizawl410W	Computer Science and Engineering (Artificial Intelligence and Machine Learning) (4 Years, Bachelor of Technology)	328			
441	Birla Institute of Technology, Patna Off-Campus410W	Computer Science and Engineering (Artificial Intelligence and Machine Learning) (4 Years, Bachelor of Technology)	329			
324	Indian Institute of Information Technology Surat410W	Computer Science and Engineering (Artificial Intelligence and Machine Learning) (4 Years, Bachelor of Technology)	330			
440	Birla Institute of Technology, Deoghar Off-Campus410W	Computer Science and Engineering (Artificial Intelligence and Machine Learning) (4 Years, Bachelor of Technology)	331			
453	Central University of Karnataka410W	Computer Science and Engineering (Artificial Intelligence and Machine Learning) (4 Years, Bachelor of Technology)	332			
460	Central University of Punjab, Bathinda523V	Artificial Intelligence and Machine Learning (5 Years, Bachelor and Master of Technology (Dual Degree))	333			
452	National Institute of Technical Teachers Training and Research Bhopal410P	Artificial Intelligence and Machine Learning (4 Years, Bachelor of Technology)	334			
316	Indian Institute of Information Technology(IIIT) Dharwad413T	Artificial Intelligence and Computing (4 Years, Bachelor of Technology)	335			
305	Indian Institute of Information Technology(IIIT) Kilohrad, Sonepat, Haryana412G	Computer Science and Engineering (Artificial Intelligence) (4 Years, Bachelor of Technology)	336			
323	Indian Institute of Information Technology Bhopal412G	Computer Science and Engineering (Artificial Intelligence) (4 Years, Bachelor of Technology)	337			
407	J.K. Institute of Applied Physics & Technology, Department of Electronics & Communication, University of Allahabad- Allahabad4196	Computer Science and Engineering with Major in Artificial Intelligence (4 Years, Bachelor of Technology)	338			
310	Indian Institute of Information Technology, Design & Manufacturing, Kancheepuram4196	Computer Science and Engineering with Major in Artificial Intelligence (4 Years, Bachelor of Technology)	339			
229	Sardar Vallabhbhai National Institute of Technology, Surat5B06	Artificial Intelligence (5 Years, Integrated B. Tech. and M. Tech.)	340			
229	Sardar Vallabhbhai National Institute of Technology, Surat4185	Artificial Intelligence (4 Years, Bachelor of Technology)	341			
327	Indian Institute of Information Technology, Vadodara International Campus Diu (IIITVICD)4185	Artificial Intelligence (4 Years, Bachelor of Technology)	342			
308	Indian Institute of Information Technology(IIIT), Vadodara, Gujrat4185	Artificial Intelligence (4 Years, Bachelor of Technology)	343			
201	Dr. B R Ambedkar National Institute of Technology, Jalandhar4185	Artificial Intelligence (4 Years, Bachelor of Technology)	344			
315	Indian Institute of Information Technology Lucknow4190	Computer Science and Artificial Intelligence (4 Years, Bachelor of Technology)	345			
313	INDIAN INSTITUTE OF INFORMATION TECHNOLOGY SENAPATI MANIPUR410R	Computer Science and Engineering with specialization in Artificial Intelligence and Data Science (4 Years, Bachelor of Technology)	346			
318	Indian Institute of Information Technology(IIIT) Kottayam410R	Computer Science and Engineering with specialization in Artificial Intelligence and Data Science (4 Years, Bachelor of Technology)	347			
434	Chhattisgarh Swami Vivekanada Technical University, Bhilai (CSVTU Bhilai)4603	Computer Science Engineering (Artificial Intelligence) (4 Years, B. Tech / B. Tech (Hons.))	348			
422	Punjab Engineering College, Chandigarh4603	Computer Science Engineering (Artificial Intelligence) (4 Years, B. Tech / B. Tech (Hons.))	349			
230	Visvesvaraya National Institute of Technology, Nagpur413Z	Computer Science and Engineering (Artificial Intelligence and Data Science) (4 Years, Bachelor of Technology)	350			
317	Indian Institute of Information Technology Design & Manufacturing Kurnool, Andhra Pradesh523U	Artificial Intelligence and Data Science (5 Years, Bachelor and Master of Technology (Dual Degree))	351			
307	Indian Institute of Information Technology (IIIT), Sri City, Chittoor4188	Artificial Intelligence and Data Science (4 Years, Bachelor of Technology)	352			
317	Indian Institute of Information Technology Design & Manufacturing Kurnool, Andhra Pradesh4188	Artificial Intelligence and Data Science (4 Years, Bachelor of Technology)	353			
410	Sant Longowal Institute of Engineering and Technology4188	Artificial Intelligence and Data Science (4 Years, Bachelor of Technology)	354			
406	School of Studies of Engineering and Technology, Guru Ghasidas Vishwavidyalaya, Bilaspur4188	Artificial Intelligence and Data Science (4 Years, Bachelor of Technology)	355			
326	Indian institute of information technology, Raichur, Karnataka4188	Artificial Intelligence and Data Science (4 Years, Bachelor of Technology)	356			
426	Puducherry Technological University, Puducherry4188	Artificial Intelligence and Data Science (4 Years, Bachelor of Technology)	357			
321	Indian Institute of Information Technology (IIIT) Pune4188	Artificial Intelligence and Data Science (4 Years, Bachelor of Technology)	358			
302	Indian Institute of Information Technology (IIIT)Kota, Rajasthan411G	Artificial Intelligence and Data Engineering (4 Years, Bachelor of Technology)	359			
202	Malaviya National Institute of Technology Jaipur411G	Artificial Intelligence and Data Engineering (4 Years, Bachelor of Technology)	360			
315	Indian Institute of Information Technology Lucknow4184	Computer Science (4 Years, Bachelor of Technology)	361			
422	Punjab Engineering College, Chandigarh4604	Computer Science Engineering (Data Science) (4 Years, B. Tech / B. Tech (Hons.))	362			
434	Chhattisgarh Swami Vivekanada Technical University, Bhilai (CSVTU Bhilai)4604	Computer Science Engineering (Data Science) (4 Years, B. Tech / B. Tech (Hons.))	363			
323	Indian Institute of Information Technology Bhopal412E	Computer Science and Engineering (Data Science) (4 Years, Bachelor of Technology)	364			
306	Indian Institute of Information Technology(IIIT) Una, Himachal Pradesh412E	Computer Science and Engineering (Data Science) (4 Years, Bachelor of Technology)	365			
320	Indian Institute of Information Technology (IIIT) Nagpur410F	Computer Science Engineering (Data Science and Analytics) (4 Years, Bachelor of Technology)	366			
305	Indian Institute of Information Technology(IIIT) Kilohrad, Sonepat, Haryana411J	Computer Science & Engineering (Data Science and Analytics) (4 Years, Bachelor of Technology)	367			
319	Indian Institute of Information Technology (IIIT) Ranchi4602	Computer Science and Engineering (with Specialization of Data Science and Artificial Intelligence) (4 Years, B. Tech / B. Tech (Hons.))	368			
420	International Institute of Information Technology, Naya Raipur4181	Data Science and Artificial Intelligence (4 Years, Bachelor of Technology)	369			
316	Indian Institute of Information Technology(IIIT) Dharwad4181	Data Science and Artificial Intelligence (4 Years, Bachelor of Technology)	370			
313	INDIAN INSTITUTE OF INFORMATION TECHNOLOGY SENAPATI MANIPUR413H	Computer Science and Engineering with specialization in Quantum Technologies (4 Years, Bachelor of Technology)	371			
437	Central University of Jammu4195	Computer Science and Engineering with specialization in Cyber Security (4 Years, Bachelor of Technology)	372			
318	Indian Institute of Information Technology(IIIT) Kottayam4195	Computer Science and Engineering with specialization in Cyber Security (4 Years, Bachelor of Technology)	373			
313	INDIAN INSTITUTE OF INFORMATION TECHNOLOGY SENAPATI MANIPUR4195	Computer Science and Engineering with specialization in Cyber Security (4 Years, Bachelor of Technology)	374			
324	Indian Institute of Information Technology Surat410J	Computer Science and Engineering (Cyber Security) (4 Years, Bachelor of Technology)	375			
327	Indian Institute of Information Technology, Vadodara International Campus Diu (IIITVICD)410J	Computer Science and Engineering (Cyber Security) (4 Years, Bachelor of Technology)	376			
308	Indian Institute of Information Technology(IIIT), Vadodara, Gujrat410J	Computer Science and Engineering (Cyber Security) (4 Years, Bachelor of Technology)	377			
323	Indian Institute of Information Technology Bhopal410J	Computer Science and Engineering (Cyber Security) (4 Years, Bachelor of Technology)	378			
304	Indian Institute of Information Technology(IIIT) Kalyani, West Bengal410J	Computer Science and Engineering (Cyber Security) (4 Years, Bachelor of Technology)	379			
306	Indian Institute of Information Technology(IIIT) Una, Himachal Pradesh410J	Computer Science and Engineering (Cyber Security) (4 Years, Bachelor of Technology)	380			
323	Indian Institute of Information Technology Bhopal411Y	Computer Science and Engineering (Cyber Physical System) (4 Years, Bachelor of Technology)	381			
453	Central University of Karnataka4124	Mathematics and Computing (4 Years, Bachelor of Technology)	382			
229	Sardar Vallabhbhai National Institute of Technology, Surat4124	Mathematics and Computing (4 Years, Bachelor of Technology)	383			
326	Indian institute of information technology, Raichur, Karnataka4124	Mathematics and Computing (4 Years, Bachelor of Technology)	384			
201	Dr. B R Ambedkar National Institute of Technology, Jalandhar4124	Mathematics and Computing (4 Years, Bachelor of Technology)	385			
308	Indian Institute of Information Technology(IIIT), Vadodara, Gujrat4124	Mathematics and Computing (4 Years, Bachelor of Technology)	386			
232	Indian Institute of Engineering Science and Technology, Shibpur4124	Mathematics and Computing (4 Years, Bachelor of Technology)	387			
322	Indian Institute of Information Technology Bhagalpur4124	Mathematics and Computing (4 Years, Bachelor of Technology)	388			
204	Motilal Nehru National Institute of Technology Allahabad4124	Mathematics and Computing (4 Years, Bachelor of Technology)	389			
230	Visvesvaraya National Institute of Technology, Nagpur4124	Mathematics and Computing (4 Years, Bachelor of Technology)	390			
422	Punjab Engineering College, Chandigarh4124	Mathematics and Computing (4 Years, Bachelor of Technology)	391			
202	Malaviya National Institute of Technology Jaipur4124	Mathematics and Computing (4 Years, Bachelor of Technology)	392			
301	Atal Bihari Vajpayee Indian Institute of Information Technology & Management Gwalior411M	Mathematics and Scientific Computing (4 Years, Bachelor of Technology)	393			
319	Indian Institute of Information Technology (IIIT) Ranchi411F	B.Tech in Mathematics and Computing (4 Years, Bachelor of Technology)	394			
324	Indian Institute of Information Technology Surat411F	B.Tech in Mathematics and Computing (4 Years, Bachelor of Technology)	395			
318	Indian Institute of Information Technology(IIIT) Kottayam411F	B.Tech in Mathematics and Computing (4 Years, Bachelor of Technology)	396			
323	Indian Institute of Information Technology Bhopal411F	B.Tech in Mathematics and Computing (4 Years, Bachelor of Technology)	397			
440	Birla Institute of Technology, Deoghar Off-Campus5506	Mathematics and Computing (5 Years, Integrated Master of Science)	398			
441	Birla Institute of Technology, Patna Off-Campus5506	Mathematics and Computing (5 Years, Integrated Master of Science)	399			
301	Atal Bihari Vajpayee Indian Institute of Information Technology & Management Gwalior5B01	Integrated B. Tech.(IT) and M. Tech (IT) (5 Years, Integrated B. Tech. and M. Tech.)	400			
309	Indian Institute of Information Technology, Allahabad5280	Information Technology (5 Years, Bachelor and Master of Technology (Dual Degree))	401			
305	Indian Institute of Information Technology(IIIT) Kilohrad, Sonepat, Haryana4146	Information Technology (4 Years, Bachelor of Technology)	402			
424	International Institute of Information Technology, Bhubaneswar4146	Information Technology (4 Years, Bachelor of Technology)	403			
232	Indian Institute of Engineering Science and Technology, Shibpur4146	Information Technology (4 Years, Bachelor of Technology)	404			
323	Indian Institute of Information Technology Bhopal4146	Information Technology (4 Years, Bachelor of Technology)	405			
411	Mizoram University, Aizawl4146	Information Technology (4 Years, Bachelor of Technology)	406			
451	Shri G. S. Institute of Technology and Science Indore4146	Information Technology (4 Years, Bachelor of Technology)	407			
309	Indian Institute of Information Technology, Allahabad4146	Information Technology (4 Years, Bachelor of Technology)	408			
315	Indian Institute of Information Technology Lucknow4146	Information Technology (4 Years, Bachelor of Technology)	409			
308	Indian Institute of Information Technology(IIIT), Vadodara, Gujrat4146	Information Technology (4 Years, Bachelor of Technology)	410			
426	Puducherry Technological University, Puducherry4146	Information Technology (4 Years, Bachelor of Technology)	411			
406	School of Studies of Engineering and Technology, Guru Ghasidas Vishwavidyalaya, Bilaspur4146	Information Technology (4 Years, Bachelor of Technology)	412			
436	North-Eastern Hill University, Shillong4146	Information Technology (4 Years, Bachelor of Technology)	413			
201	Dr. B R Ambedkar National Institute of Technology, Jalandhar4146	Information Technology (4 Years, Bachelor of Technology)	414			
309	Indian Institute of Information Technology, Allahabad5424	B. Tech. Information Technology-Business Informatics (IT- BIn) - Master of Business Administration (MBA) (5 Years, Bachelor of Technology and MBA (Dual Degree))	415			
309	Indian Institute of Information Technology, Allahabad4186	Information Technology-Business Informatics (4 Years, Bachelor of Technology)	416			

